{
    "root_group": {
        "name": "",
        "path": "",
        "id": "d41d8cd98f00b204e9800998ecf8427e",
        "groups": {},
        "checks": {
                "status is 2xx/3xx": {
                    "name": "status is 2xx/3xx",
                    "path": "::status is 2xx/3xx",
                    "id": "31d112b7c260d99cd32154b60b2c588b",
                    "passes": 1386,
                    "fails": 2614
                }
            }
    },
    "metrics": {
        "iteration_duration": {
            "p(95)": 249.63176700000002,
            "avg": 137.19405100074968,
            "min": 24.769697,
            "med": 95.38555199999999,
            "max": 4086.593596,
            "p(90)": 201.8073953
        },
        "http_req_receiving": {
            "avg": 0.03608891450000004,
            "min": 0.00818,
            "med": 0.0277655,
            "max": 0.624474,
            "p(90)": 0.0625399,
            "p(95)": 0.082254
        },
        "data_received": {
            "rate": 153217.5531095047,
            "count": 1524686
        },
        "http_req_sending": {
            "max": 2.602589,
            "p(90)": 0.03483299999999999,
            "p(95)": 0.07492599999999987,
            "avg": 0.03710066175000004,
            "min": 0.00494,
            "med": 0.01156
        },
        "checks": {
            "fails": 2614,
            "passes": 1386,
            "value": 0.3465
        },
        "http_req_connecting": {
            "max": 4.781139,
            "p(90)": 0,
            "p(95)": 0,
            "avg": 0.049730542249999996,
            "min": 0,
            "med": 0
        },
        "iterations": {
            "count": 4000,
            "rate": 401.9648717427842
        },
        "data_sent": {
            "count": 1331000,
            "rate": 133753.81107241145
        },
        "http_req_duration": {
            "p(90)": 165.89181,
            "p(95)": 208.76039189999977,
            "avg": 101.43736550949988,
            "min": 3.572822,
            "med": 58.56393,
            "max": 4035.895349
        },
        "http_req_waiting": {
            "p(90)": 165.854943,
            "p(95)": 208.68689539999977,
            "avg": 101.36417593324991,
            "min": 3.527061,
            "med": 58.495603,
            "max": 4035.835627
        },
        "http_req_failed": {
            "passes": 2614,
            "fails": 1386,
            "value": 0.6535
        },
        "http_reqs": {
            "count": 4000,
            "rate": 401.9648717427842
        },
        "vus": {
            "value": 20,
            "min": 20,
            "max": 80
        },
        "http_req_tls_handshaking": {
            "min": 0,
            "med": 0,
            "max": 0,
            "p(90)": 0,
            "p(95)": 0,
            "avg": 0
        },
        "vus_max": {
            "min": 80,
            "max": 80,
            "value": 80
        },
        "http_req_blocked": {
            "avg": 0.1229677837499996,
            "min": 0.00125,
            "med": 0.00281,
            "max": 8.431303,
            "p(90)": 0.00679,
            "p(95)": 0.008180999999999994
        },
        "http_req_duration{expected_response:true}": {
            "med": 133.94861400000002,
            "max": 4035.895349,
            "p(90)": 246.208857,
            "p(95)": 425.00066925,
            "avg": 210.5212357193363,
            "min": 6.089429
        }
    }
}