{
    "metrics": {
        "http_req_duration": {
            "p(90)": 19.691196400000003,
            "p(95)": 24.4259542,
            "avg": 11.643118102564106,
            "min": 7.195985,
            "med": 9.6801765,
            "max": 34.407456
        },
        "data_sent": {
            "count": 78039,
            "rate": 10073.847911884823
        },
        "http_req_failed": {
            "passes": 0,
            "fails": 234,
            "value": 0
        },
        "http_req_duration{expected_response:true}": {
            "avg": 11.643118102564106,
            "min": 7.195985,
            "med": 9.6801765,
            "max": 34.407456,
            "p(90)": 19.691196400000003,
            "p(95)": 24.4259542
        },
        "http_req_sending": {
            "min": 0.00914,
            "med": 0.02939,
            "max": 0.134793,
            "p(90)": 0.06335400000000004,
            "p(95)": 0.087396,
            "avg": 0.034729358974358956
        },
        "http_req_waiting": {
            "p(95)": 24.3359052,
            "avg": 11.553160333333325,
            "min": 7.150093,
            "med": 9.5833345,
            "max": 34.277593,
            "p(90)": 19.594121
        },
        "http_req_receiving": {
            "avg": 0.05522841025641024,
            "min": 0.01672,
            "med": 0.0532015,
            "max": 0.172514,
            "p(90)": 0.08361400000000002,
            "p(95)": 0.10155949999999998
        },
        "http_req_blocked": {
            "avg": 0.798894047008548,
            "min": 0.002129,
            "med": 0.007955,
            "max": 22.913484,
            "p(90)": 1.333779,
            "p(95)": 1.36457
        },
        "http_req_tls_handshaking": {
            "min": 0,
            "med": 0,
            "max": 0,
            "p(90)": 0,
            "p(95)": 0,
            "avg": 0
        },
        "checks": {
            "fails": 0,
            "passes": 234,
            "value": 1
        },
        "data_received": {
            "count": 145431,
            "rate": 18773.302780319093
        },
        "iteration_duration": {
            "p(90)": 63.1367431,
            "p(95)": 68.06999585,
            "avg": 43.19859344444443,
            "min": 27.743354,
            "med": 32.1375095,
            "max": 93.611739
        },
        "vus": {
            "min": 0,
            "max": 0,
            "value": 0
        },
        "http_req_connecting": {
            "avg": 0.4057406623931622,
            "min": 0,
            "med": 0,
            "max": 1.421282,
            "p(90)": 1.2591033,
            "p(95)": 1.2941995
        },
        "vus_max": {
            "value": 80,
            "min": 80,
            "max": 80
        },
        "iterations": {
            "count": 234,
            "rate": 30.20644051539677
        },
        "http_reqs": {
            "rate": 30.20644051539677,
            "count": 234
        }
    },
    "root_group": {
        "name": "",
        "path": "",
        "id": "d41d8cd98f00b204e9800998ecf8427e",
        "groups": {},
        "checks": {
                "status is 2xx/3xx": {
                    "fails": 0,
                    "name": "status is 2xx/3xx",
                    "path": "::status is 2xx/3xx",
                    "id": "31d112b7c260d99cd32154b60b2c588b",
                    "passes": 234
                }
            }
    }
}